ç±»å_ï¼____±»_,
"fallout 4 anniversary: (2025/11/5 11:22 - 2025/11/12 11:22, _¨ç_)",
,
TOP,
fallout anniversary edition,100
anniversary edition fallout 4,99
anniversary edition,96
fallout 4 update,6
fallout 4 anniversary edition price,6
fallout 4 anniversary update,6
bethesda fallout 4 anniversary edition,5
bethesda,5
fallout 4 steam,5
steam,5
fallout 4 anniversary upgrade,5
fallout 4 ps5,4
fallout 4 anniversary edition steam,4
fallout 4 release date,4
fallout 4 anniversary release date,4
fallout 4 anniversary edition release date,4
fallout 4 xbox,4
fallout 4 anniversary edition ps5,4
xbox,4
fallout 4 anniversary release time,4
fallout 4 anniversary edition upgrade,4
fallout 4 anniversary edition release time,3
fallout 4 anniversary edition update,3
fallout 4 mods,3
hamburger chain restaurant closures,1
,
RISING,
hamburger chain restaurant closures,é£__
senate democrats government shutdown,é£__
mtg banned restricted announcement,é£__
mtg banned and restricted announcement,é£__
morrisons store closures,é£__
fallout 4 creation bundle,é£__
delhi,é£__
what time does fallout 4 anniversary come out,é£__
fda menopause hormone therapy,é£__
f4se,é£__
pt time,é£__
hmrc child benefits,é£__
fallout 4 creation club bundle,é£__
foo fighters 2026 tour dates,é£__
waspi payout update 2025,é£__
auto trader deal builder protests,é£__
10 am pt,é£__
clash royale elite wild cards,é£__
10am pt,é£__
fallout 4 tale of the beast hunter,é£__
morrisons store closures uk,é£__
mundo pixar london,é£__
fallout 4 downgrader,é£__
instant gaming,é£__
chicago weather forecast snow,é£__